{
  "meta": {
    "titles": [
      {
        "id": 0,
        "title": "The Venezuelan Mindset"
      },
      {
        "id": 1,
        "title": "Characteristics of Society"
      },
      {
        "id": 2,
        "title": "Lifestyle & Aspirations"
      },
      {
        "id": 3,
        "title": "The Essentials (10 Key Tips)"
      },
      {
        "id": 4,
        "title": "Working with the Venezuelans"
      },
      {
        "id": 5,
        "title": "Making a Good Impression"
      },
      {
        "id": 6,
        "title": "Business Etiquette"
      },
      {
        "id": 7,
        "title": "Business Meeting Culture"
      },
      {
        "id": 8,
        "title": "Motivating Others"
      },
      {
        "id": 9,
        "title": "Effective Presentations"
      },
      {
        "id": 10,
        "title": "Managing Relationships"
      }
    ]
  },
  "articles": [
    {
      "id": 0,
      "title": "The Venezuelan Mindset",
      "body": "<p><img class=\"map\" alt=\"\" hspace=\"0\" src=\"$serverUrl$SoAm.Vene.0;0.gif\" border=\"0\"></p> <p>Venezuelans are proud of their country and heritage, and of their national hero, Simon Bolivar, liberator of Venezuela, Colombia, Panama, Peru, Ecuador and Bolivia. </p> <p>The national psyche has been influenced by oil since the beginning of the 20th century. Oil brought great wealth to the country, which was subsequently squandered by corrupt leaders. The country's fortunes have since risen and fallen with the oil price and although Venezuela sits on huge reserves, there is still a huge gulf between rich and poor. </p> <p>As such, Venezuelans are highly political. The working classes, those worst affected by the oil boom, are deeply supportive of the extreme left wing president, Hugo Chavez, whose social reforms are changing the face of business with a large-scale nationalisation programme. </p> <p>Venezuela is a predominantly Catholic country. The family forms the basis of most relationships and the cornerstone of most people's lives, with strong loyalties carrying over into the workplace. Business is highly personal in Venezuela and moves at a slower pace than in the USA or Europe, but on the other hand, this is a culture of entrepreneurs who admire wealth and have a strong entrepreneurial streak. </p> "
    },
    {
      "id": 1,
      "title": "Characteristics of Society",
      "body": "<p>Despite vast tracts of virgin rainforest and huge expanses of plains and grasslands, Venezuela is among the most highly urbanised countries in Latin America. Venezuela has some of the world's largest proven oil deposits as well as huge quantities of coal, iron ore, bauxite and gold and is extremely wealthy, but also in some areas, suffering the effects of corruption at high levels.</p> <p><img alt=\"\" src=\"$serverUrl$SoAm.Vene.1;0.jpg\" align=\"left\" border=\"1\">The Venezuelan people make up a rich combination of heritages. The original Amerindians, Spanish colonists and Africans were joined by Italians, Portuguese, Arabs, Germans, and others from neighbouring countries in South America during waves of immigration in the 20th century.</p> <p>About 85% of the population lives in urban areas in the northern portion of the country. While almost half of Venezuela's land area lies south of the Orinoco river, this region contains only 5% of the population.</p> <p>There are extremes between rich and poor and many people live in huge shanty towns sprawling over the hillsides around Caracas, the capital. Yet there is an inherent belief that power brings with it privileges and entitlement, and people look up to strong, charismatic, powerful leaders. </p> <p>Controversial left-wing president Hugo Chavez claims to be taking Venezuela through a socialist revolution but despite his socialist values, Venezuelan business culture is still dominated by the white, elite upper class and the means of production, distribution, transport and sales of goods in many industries are in the hands of a few oligarchs. </p> <p>As well as the white elite, there is a large mestizo population, and a small black population. There is some bias against the native Indian population, who do not generally thrive in Venezuelan society. </p>"
    },
    {
      "id": 2,
      "title": "Lifestyle & Aspirations",
      "body": "<p>Baseball, rather than soccer, is the national pastime and is played everywhere. Soccer is also gaining popularity, due to the increasing performance of the Venezuela national football team. </p> <p><img alt=\"\" src=\"$serverUrl$SoAm.Vene.2;0.jpg\" align=\"left\" border=\"1\">Other popular sports include canyoning, horse riding on the high Paramo grasslands, paragliding and hiking. In the north, people go to the beach at weekends. In the south, there are various rainforest resorts and hiking centres where people will go camping or stay in jungle lodges.</p> <p>Although North American music is popular and widespread in Venezuela, the Caribbean salsa and merengue forms are also commonly heard. The national Venezuelan folk dance and musical style is the Joropo. Dancing is a popular evening activity and it's common for Venezuelans, in cities especially, to stay up very late. </p> <p>Family is very important in Venezuela and even in the big cities, individuals will join large family gatherings at weekends, for dinner, occasional meals out, picnics in local parks or simply in a cafe. Caracas has a lively cultural scene, with opera, pop and classical concerts, museums and art galleries, theatre and clubs. Venezuelan women in particular are keen consumers and spend a lot of time shopping, but in the countryside, life is obviously more simple and moves at a slower pace.</p> <p>Venezuela has several occasions during the year involving great festivity: carnival, just before Lent, when there are parades and a great deal of partying; Holy Week, which is a more sombre occasion; and the period leading up to Christmas and between Christmas and New Year, when most businesses close and everybody heads for the beach. </p>"
    },
    {
      "id": 3,
      "title": "The Essentials (10 Key Tips)",
      "body": "<p> <ol> <li><img alt=\"\" src=\"$serverUrl$SoAm.Vene.3;0.jpg\" align=\"right\" border=\"1\">Whether you agree or not with the extreme socialist policies of President Chavez, be careful what you say; he has a lot of supporters and there is considerable anti-US sentiment.</li> <li>Venezuelans admire a strong leader and often accord respect to people who are rich, or highly educated, or both. </li> <li>Networking is crucial to get along in business to take every opportunity that comes your way.</li> <li>Business entertaining is seen as an important part of the relationship-building and negotiating process. </li> <li>Venezuelans take it upon themselves personally to look after a visiting business guest, which means entertaining them after work and possibly at weekends too. </li> <li>Venezuelans are risk-averse and need to have trust in an individual before doing business with a company.</li> <li>Face-to-face meetings are always better than telephone conversations or emails and a presence in the country is important.</li> <li>Always show deference to the hierarchy, which is strict. Those at the top are normally fairly 'upper class' and expect to be treated as such. </li> <li>Venezuelans are usually calm and measured but can erupt suddenly if something insults them. </li> <li>Be aware of the importance of holidays like Holy Week, Carnival and Christmas, when no business gets done and most people go to visit relatives or to the beach. </li></ol> </p>"
    },
    {
      "id": 4,
      "title": "Working with the Venezuelans",
      "body": "<p>Venezuelans are friendly and hospitable and have a desire to please. Generally, the focus is long-term, but many Venezuelans have an entrepreneurial streak. The gulf between rich and poor is enormous and the middle classes tend to hold the ruling elite in high esteem. </p> <p><img alt=\"\" src=\"$serverUrl$SoAm.Vene.4;0.jpg\" align=\"left\" border=\"1\">Venezuelans work well in teams and are generally supportive of one another. Positive feedback is welcome; negative feedback may be taken as a direct, personal criticism rather than something constructive. </p> <p>Business is highly personal in Venezuela and anybody hoping to work here should network as much as possible, via trade associations, social events and by using an enchufado, a local intermediary who can make introductions. Venezuelans like to work with people they know; despite their enjoyment of making money, they are generally risk-averse. To this end, face-to-face meetings and a strong physical presence in the country are important. Having a local representative is not enough; you should visit often to renew personal contacts. </p>"
    },
    {
      "id": 5,
      "title": "Making a Good Impression",
      "body": "<p>First, despite this being an extreme left-wing country, money talks and you should dress smartly with discrete but tasteful jewellery and accessories. If you appear well dressed, you will be perceived as successful. </p> <p><img alt=\"\" src=\"$serverUrl$SoAm.Vene.5;0.jpg\" align=\"left\" border=\"1\">Aim to be open and friendly with your Venezuelan counterparts and to give them straight answers to their questions. Be on time for meetings, respect the hierarchy and always appear polite and calm. </p> <p>Learning Spanish is tremendously helpful as business will almost always be conducted in Spanish. Even if you still need an interpreter, a few words and phrases will please your Venezuelan counterparts. </p> <p>Business entertaining is important and you should always invite someone for lunch if you have a morning meeting, and for dinner to further cement the relationship. Always offer coffee to visitors at meetings and make time for them. Demonstrate your commitment to Venezuela with a physical presence in the country, not just a local agent. </p> <p>You will probably need to set generous deadlines for projects and keep a close eye on them, but you should never appear impatient or aggressive in your desire to get things done. Accept the fact that business moves at a different pace in South America than in the USA or much of Northern Europe. </p>"
    },
    {
      "id": 6,
      "title": "Business Etiquette",
      "body": "<p><strong>Business Cards</strong></p> <p><img style=\"margin-left: 10px\" alt=\"\" src=\"$serverUrl$SoAm.Vene.6;0.jpg\" align=\"right\" border=\"1\">Everybody carries a business card so bring plenty and present one as soon as you are introduced to someone. A lot of emphasis is placed on titles so make sure your card states your full job title. Less is not more in this case. It's not necessary to have your card translated into Spanish unless you have a particularly complex job title.</p> <p>Business cards of others should be treated with care and respect. Read someone's card before filing it carefully in a card holder, not stuffing it in your pocket.</p> <p><strong>Body Language</strong></p> <p>Venezuelans are very expressive and are animated in their conversations. They stand closer than North Americans are accustomed to and sometimes grab the arm of the person they are addressing to make a point. Do not back away when someone talks at close range and maintain eye contact to show your attentiveness.</p> <p><strong>Communication Style</strong></p> <p>Communication is more direct than in some Latin American cultures and a Venezuelan will say no and mean no, albeit in a way that will not cause offence. It is considered rude to express very strong or personal opinions with people you do not know well. Language tends to be flowery and elaborate and a Venezuelan will typically take a long time to get to the point.</p> <p><strong>Gift Giving</strong></p> <p>Exchange of small business gifts is perfectly acceptable and expected and will not be interpreted as a bribe. Something tasteful with a discreet logo, or a good bottle of wine or spirits is appropriate. Anything larger may be misconstrued, so be careful and always respect your company's policies, the laws of your country and the laws of Venezuela regarding bribery. </p>"
    },
    {
      "id": 7,
      "title": "Business Meeting Culture",
      "body": "<p><strong>Planning a Meeting</strong></p> <p><img style=\"margin-left: 10px\" alt=\"\" src=\"$serverUrl$SoAm.Vene.7;0.jpg\" align=\"right\" border=\"1\">Make appointments and arrangements for meetings a couple of weeks in advance and reconfirm them a few days before by email and telephone. Try not to have meetings planned for Friday afternoons as people may be heading for the coast for the weekend and will be either distracted or simply won't turn up. Also avoid the days before a national holiday, when the same may apply. </p> <p><strong>During a Meeting</strong></p> <p>The point of a meeting is for discussion and the exchange of ideas. If your Spanish is not very good, it's important to bring an interpreter as Venezuelans tend all to talk at once and you may lose the thread of the conversation. </p> <p>Expect people to turn up on time and if you are attending a meeting but not hosting it, you, too, should be on time and even early. </p> <p>Offer coffee and biscuits as refreshment when people arrive. You can draw up an agenda but it may not be stuck to and discussions may be circular rather than working through a list of topics. </p> <p><strong>After a Meeting</strong></p> <p>Follow up in writing, reiterating points that were discussed and any action plan. If you are hosting a meeting, it is advisable to invite your counterparts out for lunch or dinner afterwards - and if you're being hosted, accept any invitations they offer to you.</p>"
    },
    {
      "id": 8,
      "title": "Motivating Others",
      "body": "<p>Venezuelans are highly motivated by money and power, and are inspired by strong, charismatic leaders. They are materialistic and appreciate expensive things and designer clothes. The gulf between rich and poor is very pronounced, however, and what might <img alt=\"\" src=\"$serverUrl$SoAm.Vene.8;0.jpg\" align=\"left\" border=\"1\">motivate a factory worker is quite different from what would inspire a middle manager. </p> <p>Employees are legally entitled to up 15 days' annual leave per year of uninterrupted service. Extra days can be accrued by long term service to a company. All employees receive an annual bonus, although pension plans are rare, and employers tend to use this bonus as a motivator, by paying more than the legal minimum. Other perks, like company cars, are less common. </p> <p>Job security is important. So is an easy life with a strong support network, a good leader and friendly colleagues. Venezuelans have a desire to please and succeed, but are not known for being especially ambitious. Work life balance is more important for those who can afford to enjoy their leisure time. </p> <p>A lot of young Venezuelans are also motivated by the idea of working for a foreign company; the prestige, training and benefits are perceived as being greater.</p>"
    },
    {
      "id": 9,
      "title": "Effective Presentations",
      "body": "<p>Presentations should be clear and without a \"heavy sell\" or exaggeration. Use visual as well as verbal communication. Do not be afraid to display a passion for a product or an idea. Venezuelans are emotional people and will respond to this. It is also acceptable to talk about possible downfalls in a project - better, in fact, than making it appear too positive.</p> <p><img alt=\"\" src=\"$serverUrl$SoAm.Vene.9;0.jpg\" align=\"left\" border=\"1\">Remember that you are being judged as an individual, not just a representative of your company. Dress smartly and make sure any handouts and visual aids are professional-looking and pleasing to the eye. Be fully prepared and practice your speech so that you come across as articulate and fluent. </p> <p>Maintain eye contact with the audience and appear friendly but professional. If there is someone in the room who is obviously senior, make more eye contact with them than with the other attendees. </p> <p>If at all possible, make your speech in Spanish, even if you use an interpreter for the Q&A session at the end.</p> <p><strong>Audience expectations</strong></p> <p>Venezuelans can easily become distracted and a speaker will have to be extremely charismatic to hold the attention of an audience for a long time. In smaller, more informal presentations, the audience expects to be allowed to interrupt and ask questions, and will often go off at a tangent as new ideas are explored. </p>"
    },
    {
      "id": 10,
      "title": "Managing Relationships",
      "body": "<p>Most foreign investors enjoy excellent relationships with their Venezuelan business partners. A good, personal friendship is essential to do business and Venezuelans will work with an <img alt=\"\" src=\"$serverUrl$SoAm.Vene.10;0.jpg\" align=\"left\" border=\"1\">individual rather than a company. Frequent visits are important, to both customers and suppliers. Relationships with suppliers need to be monitored carefully to ensure that deadlines are met and targets achieved; time is perceived in a different way here and Venezuelans tend to have a long-term outlook. They also tend to leave things to the last minute and then complete a project in a rush.</p> <p>Feedback tends to be given on a fairly informal basis and needs to be delivered with care. Positive feedback is always well received but negative remarks can be taken personally. Venezuelans are more direct communicators than other Latin cultures and will say what they mean.</p> <p>Venezuelans are highly motivated by money, in a country which is fairly black-and-white as far as wealth is concerned. Despite the social reforms that are going on, a lot of people are trapped in a life of poverty, with little hope of breaking the cycle. Job security is also important to Venezuelans.</p>"
    }
  ]
}